Country Name,Country Code,Series Name,Series Code,1960 [YR1960],1961 [YR1961],1962 [YR1962],1963 [YR1963],1964 [YR1964],1965 [YR1965],1966 [YR1966],1967 [YR1967],1968 [YR1968],1969 [YR1969],1970 [YR1970],1971 [YR1971],1972 [YR1972],1973 [YR1973],1974 [YR1974],1975 [YR1975],1976 [YR1976],1977 [YR1977],1978 [YR1978],1979 [YR1979],1980 [YR1980],1981 [YR1981],1982 [YR1982],1983 [YR1983],1984 [YR1984],1985 [YR1985],1986 [YR1986],1987 [YR1987],1988 [YR1988],1989 [YR1989],1990 [YR1990],1991 [YR1991],1992 [YR1992],1993 [YR1993],1994 [YR1994],1995 [YR1995],1996 [YR1996],1997 [YR1997],1998 [YR1998],1999 [YR1999],2000 [YR2000],2001 [YR2001],2002 [YR2002],2003 [YR2003],2004 [YR2004],2005 [YR2005],2006 [YR2006],2007 [YR2007],2008 [YR2008],2009 [YR2009],2010 [YR2010],2011 [YR2011],2012 [YR2012],2013 [YR2013],2014 [YR2014],2015 [YR2015],2016 [YR2016],2017 [YR2017],2018 [YR2018],2019 [YR2019],2020 [YR2020],2021 [YR2021],2022 [YR2022]
India,IND,"Population, total",SP.POP.TOTL,445954579,456351876,467024193,477933619,489059309,500114346,510992617,521987069,533431909,545314670,557501301,569999178,582837973,596107483,609721951,623524219,637451448,651685628,666267760,681248383,696828385,712869298,729169466,745826546,762895156,780242084,797878993,815716125,833729681,852012673,870452165,888941756,907574049,926351297,945261958,964279129,983281218,1002335230,1021434576,1040500054,1059633675,1078970907,1098313039,1117415123,1136264583,1154638713,1172373788,1189691809,1206734806,1223640160,1240613620,1257621191,1274487215,1291132063,1307246509,1322866505,1338636340,1354195680,1369003306,1383112050,1396387127,1407563842,1417173173
India,IND,Population growth (annual %),SP.POP.GROW,..,2.30470638074818,2.31168916319999,2.30907889966126,2.30119179559958,2.23529958573103,2.15183776822664,2.12876735867267,2.16886163107629,2.2031572336638,2.21018327712813,2.21700817584549,2.22743096189467,2.25117630687251,2.25820438079867,2.23845727724451,2.20905061418648,2.20841658709872,2.21293517819365,2.22353406114706,2.2612188534673,2.27589299161564,2.26080777945204,2.25868924622921,2.26275505157058,2.24836240132238,2.23527124737904,2.21094603012958,2.184281790986,2.16921748136657,2.14114053890499,2.10189105362679,2.07434424472354,2.04783736093956,2.02085601987654,1.99187122902055,1.95143550144522,1.91926259528322,1.88755786468172,1.8493332514954,1.82218400218023,1.80844642123748,1.77676787418134,1.72426903226703,1.67281087022876,1.60412916927926,1.52430796041014,1.46637175001498,1.42239150883577,1.39119493033754,1.37759581159767,1.36158808453343,1.33219204981494,1.29754883539168,1.24036218382689,1.18779532005068,1.18504622906796,1.15562449067646,1.08752772157855,1.02531077187097,0.95522085775158,0.797216093898126,0.680372581057012
India,IND,Surface area (sq. km),AG.SRF.TOTL.K2,..,3287260,3287260,3287260,3287260,3287260,3287260,3287260,3287260,3287260,3287260,3287260,3287260,3287260,3287260,3287260,3287260,3287260,3287260,3287260,3287260,3287260,3287260,3287260,3287260,3287260,3287260,3287260,3287260,3287260,3287260,3287260,3287260,3287260,3287260,3287260,3287260,3287260,3287260,3287260,3287260,3287260,3287260,3287260,3287260,3287260,3287260,3287260,3287260,3287260,3287260,3287260,3287260,3287260,3287260,3287260,3287260,3287260,3287260,3287260,3287260,3287260,..
India,IND,Population density (people per sq. km of land area),EN.POP.DNST,..,153.488971777787,157.078489097569,160.747755441126,164.48975982026,168.208000834121,171.866788533528,175.564652444008,179.413999441677,183.41063638718,187.50947669002,191.713001187277,196.03118973224,200.494244565601,205.073322256566,209.715564427433,214.399835866527,219.187346923675,224.091887837642,229.130456849377,234.370620444708,239.765806423404,245.248189991222,250.850617014049,256.591457659954,262.425907526932,268.357889337715,274.357213968835,280.415876886442,286.565161661381,292.767083502904,298.985855596178,305.252623949361,311.568146334408,317.928540725618,324.324758592623,330.715903793569,337.124512728753,343.548369259953,349.96083465907,356.396219212361,362.900086102805,369.405601054759,375.830378482371,382.170188585324,388.350126631665,394.315125504929,400.139852818017,405.872078810974,411.558010083446,417.266848065546,422.987158910127,428.65986196644,434.258174889597,439.678092890128,444.931708030768,450.235719883358,455.468934040542,460.44931739983,465.194639427685,469.659566660725,473.418732741601,..
India,IND,Poverty headcount ratio at national poverty lines (% of population),SI.POV.NAHC,..,..,..,..,..,..,..,..,..,..,..,..,..,..,..,..,..,..,..,..,..,..,..,..,..,..,..,..,..,..,..,..,..,..,..,..,..,..,..,..,..,..,..,..,37.2,..,..,..,..,29.8,..,21.9,..,..,..,..,..,..,..,..,..,..,..
India,IND,Poverty headcount ratio at $2.15 a day (2017 PPP) (% of population),SI.POV.DDAY,..,..,..,..,..,..,..,..,..,..,..,..,..,..,..,..,..,63.1,..,..,..,..,..,56.3,..,..,..,50.6,..,..,..,..,..,47.6,..,..,..,..,..,..,..,..,..,..,39.9,..,..,..,..,32.9,..,22.5,..,..,..,18.7,18.1,13.4,11.1,12.7,14.7,11.9,..
India,IND,"GNI, Atlas method (current US$)",NY.GNP.ATLS.CD,..,..,41173872222.2071,45729179840.7481,52536801613.1606,55857843972.8241,53934009890.0971,55004484945.6973,53910366503.1051,59167585261.7116,63879486647.9211,67629616322.2543,71807649204.845,85739261065.6305,102230290594.932,118282717798.397,115091126940.907,121037471851.272,138152204992.717,152445140345.357,188583005661.953,210991399011.53,210369119707.003,212449802210.539,215868670720.211,229291867280.971,250405571941.645,287582672142.244,329150684734.241,332774280344.701,334591733114.052,308580781758.816,312509693786.6,300632780410.02,322746130827.01,354316507450.221,395271171572.307,409899467954.566,420153119289.202,454396843482.959,467082097281.702,485442590011.091,500197978419.465,573893143642.804,687282161520.167,809085090886.068,916983754264.307,1081966970557.62,1195031000085.44,1358352104309.97,1505735812102.73,1704432599754.89,1870994898063.07,1941116726990.66,2020998379216.56,2097598199310.03,2226423003454.8,2439593977287.58,2713329694951.9,2878536453270.38,2659600280128.38,3019856778493.94,3370147837589.91
India,IND,"GNI per capita, Atlas method (current US$)",NY.GNP.PCAP.CD,..,..,90,100,110,110,110,110,100,110,110,120,120,140,170,190,180,190,210,220,270,300,290,280,280,290,310,350,390,390,380,350,340,320,340,370,400,410,410,440,440,450,460,510,600,700,780,910,990,1110,1210,1360,1470,1500,1550,1590,1660,1800,1980,2080,1900,2150,2380
India,IND,"GNI, PPP (current international $)",NY.GNP.MKTP.PP.CD,..,..,..,..,..,..,..,..,..,..,..,..,..,..,..,..,..,..,..,..,..,..,..,..,..,..,..,..,..,..,1034506921791.05,1078472958650.32,1163426828475,1249496798796.94,1362619004036.44,1498913049687.03,1644587990175.31,1742164155402.87,1870916383120.84,2066536451928.98,2188197810596.11,2350069155229.51,2482413330516.74,2728406064236.69,3024818504447.73,3366286523961.53,3747530644450.16,4158793573549.76,4361562882377.18,4734626196586.35,5173866049787.04,5568974800574.79,6080904818549.92,6396857208684.85,6700838434194.09,7076731493413.66,7577059418948.02,8187427038374.48,8926347411981.02,9448744556227.71,8978916906284.87,10163358058763.2,11636782087950.8
India,IND,"GNI per capita, PPP (current international $)",NY.GNP.PCAP.PP.CD,..,..,..,..,..,..,..,..,..,..,..,..,..,..,..,..,..,..,..,..,..,..,..,..,..,..,..,..,..,..,1190,1210,1280,1350,1440,1550,1670,1740,1830,1990,2070,2180,2260,2440,2660,2920,3200,3500,3610,3870,4170,4430,4770,4950,5130,5350,5660,6050,6520,6830,6430,7220,8210
India,IND,Income share held by lowest 20%,SI.DST.FRST.20,..,..,..,..,..,..,..,..,..,..,..,..,..,..,..,..,..,8.2,..,..,..,..,..,8.5,..,..,..,8.7,..,..,..,..,..,8.9,..,..,..,..,..,..,..,..,..,..,8.5,..,..,..,..,8.3,..,8.1,..,..,..,8.4,8.3,8.2,8.1,7.8,7.9,8.1,..
India,IND,"Life expectancy at birth, total (years)",SP.DYN.LE00.IN,45.218,45.398,45.659,45.936,46.184,44.98,45.333,45.674,47.471,47.857,48.241,48.632,49.025,49.539,50.244,50.812,51.388,51.909,52.492,53.06,53.611,54.175,54.732,55.281,55.816,56.334,56.835,57.315,57.777,58.233,58.652,59.055,59.452,59.815,60.216,60.596,60.984,61.388,61.792,62.207,62.669,63.091,63.616,64.094,64.524,64.996,65.412,65.788,66.149,66.513,66.909,67.359,67.887,68.46,69.074,69.636,70.117,70.467,70.71,70.91,70.15,67.24,..
India,IND,"Fertility rate, total (births per woman)",SP.DYN.TFRT.IN,5.921,5.937,5.953,5.969,5.979,5.941,5.881,5.825,5.76,5.684,5.624,5.565,5.482,5.402,5.325,5.195,5.13,5.007,4.888,4.808,4.775,4.698,4.62,4.565,4.516,4.432,4.399,4.311,4.222,4.132,4.045,3.959,3.877,3.799,3.723,3.651,3.582,3.514,3.446,3.383,3.35,3.303,3.217,3.122,3.046,2.958,2.864,2.784,2.718,2.673,2.603,2.536,2.467,2.406,2.306,2.287,2.273,2.2,2.177,2.109,2.051,2.031,..
India,IND,"Adolescent fertility rate (births per 1,000 women ages 15-19)",SP.ADO.TFRT,148.417,149.385,149.209,148.552,148.623,151.004,152.563,155.038,154.484,153.396,152.163,154.814,156.177,157.879,155.834,152.156,149.66,137.853,137.546,144.883,145.341,149.661,148.568,145.902,144.93,143.129,142.136,125.57,130.778,130.494,122.287,128.465,128.913,123.529,124.343,122.403,114.425,111.706,110.369,104.382,100.704,99.575,93.536,86.914,73.229,55.703,47.951,45.112,48.306,41.494,39.222,36.935,34.535,33.962,34.643,22.432,20.025,20.42,19.275,17.701,17.278,17.234,..
India,IND,"Contraceptive prevalence, any method (% of married women ages 15-49)",SP.DYN.CONU.ZS,..,..,..,..,..,..,..,..,..,..,..,13.6,..,..,..,..,..,..,..,..,..,35.3,..,..,..,..,..,..,44.9,..,..,..,..,40.7,..,..,..,..,..,48.2,46.9,..,..,53,..,54.4,56.3,..,54.8,..,..,..,..,..,..,..,53.5,..,..,..,66.7,66.7,..
India,IND,Births attended by skilled health staff (% of total),SH.STA.BRTC.ZS,..,..,..,..,..,..,..,..,..,..,..,..,..,..,..,..,..,..,..,..,..,..,..,..,..,..,..,..,..,..,..,..,..,34.2,..,..,..,..,..,42.3,42.5,..,..,..,..,..,45.5,..,52.3,..,..,..,..,..,81.4,..,81.4,..,..,..,..,89.4,..
India,IND,"Mortality rate, under-5 (per 1,000 live births)",SH.DYN.MORT,242.8,239.3,236.1,233.2,230.4,227.8,225.3,222.7,220.2,217.5,214.5,211.4,208.1,204.4,200.3,195.9,190.9,185.6,180.1,174.5,169,163.8,159,154.5,150.3,146.2,142.2,138.2,134.2,130.3,126.5,122.9,119.5,116.2,112.8,109.4,106,102.5,98.9,95.3,91.6,88,84.5,81.1,77.7,74.4,71.1,67.8,64.5,61.3,58.1,55,52,49.1,46.2,43.6,41,38.7,36.4,34.3,32.4,30.6,..
India,IND,"Prevalence of underweight, weight for age (% of children under 5)",SH.STA.MALN.ZS,..,..,..,..,..,..,..,..,..,..,..,..,..,..,..,..,..,..,..,..,..,..,..,..,..,..,..,..,..,55.5,..,52.8,51.3,..,..,..,..,38.4,..,45.3,..,..,..,..,..,..,43.5,..,..,..,..,..,..,..,29.4,36.3,..,33.4,..,..,31.5,..,..
India,IND,"Immunization, measles (% of children ages 12-23 months)",SH.IMM.MEAS,..,..,..,..,..,..,..,..,..,..,..,..,..,..,..,..,..,..,..,..,..,..,..,..,..,1,10,24,32,42,56,43,51,59,67,72,66,55,53,56,56,57,56,60,64,68,69,70,72,78,82,84,83,83,85,87,88,90,93,95,89,89,..
India,IND,"Primary completion rate, total (% of relevant age group)",SE.PRM.CMPT.ZS,..,..,..,..,..,..,..,..,..,..,..,..,..,..,..,..,..,..,..,..,..,..,..,..,..,..,..,..,..,..,..,..,..,..,..,..,..,..,..,..,..,..,..,..,..,..,..,..,..,..,..,..,..,..,..,..,..,..,..,..,..,..,..
India,IND,"School enrollment, primary (% gross)",SE.PRM.ENRR,..,..,..,..,..,..,..,..,..,..,..,77.4137878417969,78.4039077758789,81.7357330322266,81.2151489257812,81.9049530029297,81.4225692749023,83.98291015625,80.2269134521484,80.0406723022461,81.3297729492188,82.5833969116211,83.4153823852539,85.4773101806641,87.3256225585938,87.4147262573242,89.602897644043,87.5405502319336,89.069221496582,92.2303009033203,91.6484298706055,91.3023223876953,91.7919235229492,93.3966522216797,94.3418807983398,93.6837615966797,93.1708984375,92.8254776000977,91.3076171875,91.824577331543,93.3239517211914,92.7808609008789,93.0848770141602,100.774139404297,..,..,..,107.923568725586,108.311706542969,106.916801452637,106.551513671875,103.955017089844,107.770881652832,102.517570495605,..,100.712768554688,100.254035949707,..,97.5932998657227,96.1171264648438,97.9693222045898,99.3927230834961,108.145172119141
India,IND,"School enrollment, secondary (% gross)",SE.SEC.ENRR,..,..,..,..,..,..,..,..,..,..,..,23.6049194335938,23.9752101898193,24.3854808807373,..,25.1192302703857,25.3391799926758,25.9298706054688,26.3240795135498,..,28.5113906860352,29.9509792327881,31.4259300231934,33.3632316589355,34.688648223877,..,36.7133598327637,36.3184089660645,36.3846092224121,36.6050415039062,..,..,..,45.0090103149414,45.4297981262207,45.2833518981934,45.2715797424316,45.7969207763672,..,42.9011917114258,44.705810546875,44.9093208312988,46.7152404785156,49.1428909301758,50.757740020752,53.2971000671387,54.0812492370605,56.3115386962891,59.2412605285645,58.4031181335449,61.7925415039062,64.86328125,67.4561462402344,67.0827331542969,72.282470703125,72.0130081176758,73.2554779052734,71.920539855957,73.1147613525391,72.9614181518555,75.1089706420898,78.0632934570312,78.812614440918
India,IND,"School enrollment, primary and secondary (gross), gender parity index (GPI)",SE.ENR.PRSC.FM.ZS,..,..,..,..,..,..,..,..,..,..,..,0.578909993171692,0.582499980926514,0.592090010643005,..,0.599870026111603,0.603519976139069,0.607659995555878,0.600009977817535,..,0.610979974269867,0.618969976902008,0.615899980068207,0.640160024166107,0.627759993076324,..,0.657949984073639,0.668169975280762,0.677860021591187,0.675429999828339,..,..,..,0.740249991416931,0.753220021724701,0.754369974136353,0.762629985809326,0.775860011577606,..,0.796970009803772,0.802240014076233,0.809880018234253,0.830370008945465,0.915700018405914,..,..,..,0.942560017108917,0.967050015926361,0.989970028400421,0.989049971103668,0.998529970645905,1.00339996814728,1.03569304943085,1.03251755237579,1.03027153015137,1.03045177459717,1.08402001857758,1.01533448696136,1.01977431774139,1.00732743740082,0.991640269756317,..
India,IND,"Prevalence of HIV, total (% of population ages 15-49)",SH.DYN.AIDS.ZS,..,..,..,..,..,..,..,..,..,..,..,..,..,..,..,..,..,..,..,..,..,..,..,..,..,..,..,..,..,..,0.1,0.1,0.2,0.2,0.3,0.4,0.4,0.5,0.5,0.6,0.6,0.5,0.5,0.5,0.5,0.4,0.4,0.4,0.4,0.3,0.3,0.3,0.3,0.3,0.3,0.3,0.2,0.2,0.2,0.2,0.2,0.2,..
India,IND,Forest area (sq. km),AG.LND.FRST.K2,..,..,..,..,..,..,..,..,..,..,..,..,..,..,..,..,..,..,..,..,..,..,..,..,..,..,..,..,..,..,639380,643033,646686,650339,653992,657645,661298,664951,668604,672257,675910,677815,679720,681625,683530,685435,687340,689245,691150,693055,694960,697624,700288,702952,705616,708280,710944,713608,716272,718936,721600,724264,..
India,IND,Terrestrial and marine protected areas (% of total territorial area),ER.PTD.TOTL.ZS,..,..,..,..,..,..,..,..,..,..,..,..,..,..,..,..,..,..,..,..,..,..,..,..,..,..,..,..,..,..,..,..,..,..,..,..,..,..,..,..,..,..,..,..,..,..,..,..,..,..,..,..,..,..,..,..,3.47930598498439,3.47930689489956,3.47930689489956,3.4793065712489,3.4793065712489,4.39560904389773,4.39560904389773
India,IND,"Annual freshwater withdrawals, total (% of internal resources)",ER.H2O.FWTL.ZS,..,..,..,..,..,..,..,..,..,..,..,..,..,..,..,26.2793914246196,27.0864453665284,27.8934993084371,28.7005532503458,29.5076071922545,30.3146611341632,31.1217150760719,31.9287690179806,32.7358229598893,33.5428769017981,34.3499308437068,34.3955739972337,34.4412171507607,34.4868603042877,34.5325034578147,34.5781466113416,35.3416286307054,36.1051106500692,36.8685926694329,37.6320746887967,38.3955567081604,39.1590387275242,39.922510373444,40.6859958506224,41.4494847856155,42.2129668049793,43.2544598893499,44.2959529737206,45.3374460580913,43.2392600276625,43.4958333333333,43.7524066390041,44.008979944675,44.2655532503458,44.5221265560166,44.7786998616874,44.7786998616874,44.7786998616874,44.7786998616874,44.7786998616874,44.7786998616874,44.7786998616874,44.7786998616874,44.7786998616874,44.7786998616874,44.7786998616874,..,..
India,IND,Urban population growth (annual %),SP.URB.GROW,..,2.90544175212617,3.33790484134301,3.33030499646328,3.32822790967518,3.25189432080798,3.16874178637884,3.14586738313219,3.18088421316613,3.21015372127432,3.21726131315857,3.37925652778706,3.86469644167469,3.87175166729346,3.8815236778261,3.84990860184592,3.81340042301804,3.80559488235445,3.80288000513107,3.80618905859281,3.84086509078168,3.64751557445444,3.23820797275063,3.2350045343625,3.23792527950017,3.21822223527373,3.20394984780465,3.17436058011846,3.14648289697299,3.13015246948337,3.09292950298242,3.00204313641317,2.87029912975867,2.84132486628544,2.81188501838838,2.77669224503314,2.73760292767491,2.70299778766113,2.66886958951842,2.62823016605726,2.59867555250261,2.71157391943668,2.93770825491266,2.87888612843243,2.82462858995052,2.74625194074982,2.66029713783098,2.59963313831962,2.55287302199413,2.51230889183139,2.49274628981713,2.47403243101329,2.47033820164956,2.45726439138516,2.42384462717953,2.39405297719892,2.41309726336112,2.407475136258,2.35916997461045,2.31580198477658,2.26363455707273,2.125468465055,2.02467121722501
India,IND,Energy use (kg of oil equivalent per capita),EG.USE.PCAP.KG.OE,..,..,..,..,..,..,..,..,..,..,..,266.347982347441,266.505804692997,268.000140169353,272.302346549436,275.721350929594,280.526500584559,282.260531914017,279.897484458801,286.270000585088,287.036273644335,294.778366230046,299.338967383475,302.154647362203,307.646699751755,316.560001139339,320.504363748802,325.45782762355,335.755958291234,344.037188986742,351.212138119043,358.304036063303,363.771625426897,364.928679967077,371.359388822458,384.949469335657,389.063747986692,396.809196260616,398.735766900454,413.988636852103,416.083287462528,414.483430552776,419.354274824374,422.057098828078,437.133075721326,447.027936261479,463.39977792134,482.456440111541,499.038799581952,541.994376843597,558.786561604894,574.624111911931,595.062341209912,600.966036887893,630.900867833184,..,..,..,..,..,..,..,..
India,IND,CO2 emissions (metric tons per capita),EN.ATM.CO2E.PC,..,..,..,..,..,..,..,..,..,..,..,..,..,..,..,..,..,..,..,..,..,..,..,..,..,..,..,..,..,..,0.647451316293756,0.683086373096417,0.690074050365449,0.70313616671063,0.725622134896071,0.765189640436571,0.787231756113946,0.817360076229187,0.818720963289576,0.866242338513132,0.885077949226179,0.883746998008724,0.897242648505059,0.905456601736005,0.955470157428994,0.984261472618751,1.03653392155165,1.1235994817209,1.18036124666151,1.27887360284089,1.33803383522422,1.39687849773199,1.49820412282441,1.52767440026001,1.64246527737333,1.63132348717228,1.63991401876928,1.70492672078233,1.79559529858433,1.75253436625037,1.57609323191648,..,..
India,IND,Electric power consumption (kWh per capita),EG.USE.ELEC.KH.PC,..,..,..,..,..,..,..,..,..,..,..,97.4071580152349,100.003779266455,100.406389295402,103.835854845252,114.48151944199,124.158475517339,126.396833781334,136.168978069718,136.089864304309,142.139732152272,152.415036395634,158.765561913971,166.487772077772,184.248122293753,194.556283380377,209.044230344839,221.291444986453,241.102127681118,258.041936425516,272.946647217541,291.662528225303,305.013128465951,320.914971418235,341.35405246045,358.629560258791,359.481085908426,374.947411556112,385.126966761305,391.119633714118,392.510175745406,392.360903573464,408.776900626416,428.213284527025,448.972015525718,465.176677304081,506.222508618557,538.786595949405,558.426753458539,595.605655832676,637.125844225376,692.779356959802,718.295946185698,758.110675158719,797.349232010839,..,..,..,..,..,..,..,..
India,IND,GDP (current US$),NY.GDP.MKTP.CD,37029883846.9303,39232435753.0422,42161481824.7743,48421923420.8701,56480289896.3705,59554854575.8085,45865462034.2857,50134942160.5497,53085455824.6593,58447994966.6784,62422483000.5672,67351407965.1281,71463193831.0092,85515269585.4,99525899116.054,98472796456.884,102717164466.397,121486645611.522,137300295313.3,152991653793.77,186325345086.661,193491373249.4,200715633588.789,218262154670.612,212157639237.202,232511561180.057,248985994042.212,279033584092.223,296589677725.074,296042058867.01,320979026420.035,270105341879.226,288208066640.584,279295644530.09,327275583539.559,360281907854.994,392896860670.885,415867567334.185,421351318896.874,458820417337.807,468394937262.37,485441014538.638,514937948870.08,607699285433.872,709148514804.659,820381595512.902,940259888792.141,1216736448906.29,1198895147694.77,1341888016988.57,1675615502766.2,1823051829894.55,1827637579584.79,1856721494834.64,2039126469963.35,2103588347241.77,2294796889945.04,2651474263257.15,2702929639861.5,2835606242052.48,2671595389575.7,3150306834279.65,3385089881935.39
India,IND,GDP growth (annual %),NY.GDP.MKTP.KD.ZG,..,3.72274253311053,2.93112773548363,5.99435326188559,7.45295012250209,-2.63577011020728,-0.0553287704537979,7.82596303082235,3.38792917634143,6.53970029928357,5.15722973718955,1.64293037527582,-0.553301305344547,3.29552113471652,1.18533625466961,9.14991201570659,1.66310363813034,7.25476458760367,5.71253208869331,-5.23818270446218,6.7358215288198,6.00620362601497,3.47573323969961,7.28889290305703,3.82073785610604,5.25429922311382,4.77656416847516,3.96535563481719,9.62778291607844,5.94734333181324,5.53345456125301,1.05683143336988,5.48239602167047,4.75077621965234,6.65892406734025,7.57449184032379,7.5495222488198,4.0498208490926,6.18441582090618,8.84575556105509,3.84099115681285,4.82396626390641,3.8039753213758,7.86038147553259,7.92293661286503,7.92343062149763,8.06073257303272,7.66081506504928,3.08669805953289,7.86188883303498,8.49758470158106,5.24131500140663,5.45638875297365,6.38610640094825,7.41022760508854,7.99625378571471,8.25630550179086,6.79538341897911,6.45385134497769,3.87143694070356,-5.83105322031207,9.05027790774051,7.00295154446648
India,IND,"Inflation, GDP deflator (annual %)",NY.GDP.DEFL.KD.ZG,..,2.14542764709287,4.40561672938829,8.35362388701878,8.55167696512851,8.30036940764349,13.2707065585617,8.61620471048464,2.41538358508238,3.34336433815,1.56224348305101,5.32484105974427,10.8396026933477,17.8297156461391,16.6675157342338,-1.64868155114249,5.98185934107545,5.63722933776643,2.46028232008,15.7280432071614,11.508320807462,10.8275819794853,8.09586310062346,8.55285960224113,7.92323284822739,7.19378544452942,6.78940045356175,9.32789330598244,8.23251536870477,8.43680886909797,10.6683038500875,13.7518189426722,8.96515236042887,9.86178285277913,9.98004477517911,9.06270222047438,7.57501828808442,6.47627126306148,8.0101675232066,3.06839552078171,3.64497016112819,3.21561601745069,3.71568377652814,3.86779808617059,5.72541322746282,5.62190326268404,8.40093821713963,6.94441825372725,9.19396962626338,7.04036543496747,10.5260308561853,8.73358014404614,7.93438627031915,6.1865039792641,3.33175691706154,2.27958810849833,3.23797495080767,3.96925793352338,3.88424027196663,2.40551716106513,4.74654893260742,8.53852548128178,8.3182112923365
India,IND,"Agriculture, forestry, and fishing, value added (% of GDP)",NV.AGR.TOTL.ZS,41.7413351235587,41.0924821983426,39.0659687962443,39.8253516773195,41.3437167112138,39.3846972551206,40.3516512370015,42.7515580249536,42.0860273766471,41.5849235839232,40.2896134621907,38.6333911913807,38.6268263019975,41.6038246201105,38.8780587034109,35.9969148409303,34.3120367117779,35.7771442643263,34.2739627109955,32.8255300200728,34.4088678062345,33.2976974188079,32.3267496865056,32.6065348775622,31.3805304117853,29.7181383564993,28.6411462697276,27.9723784011745,28.7698223693608,27.8396057996888,27.5848881365411,27.6627054102247,26.8969194477949,27.0545587671255,26.5199375742578,24.4575477894495,25.199306058679,24.2486745051203,24.1804515489486,22.9725618865025,21.6110620462091,21.6188848861438,19.5345432711113,19.5919979784953,17.8146906487994,17.6202069549809,16.8094420943591,16.7501197597911,16.7909423598037,16.7442701565521,17.0265090139755,17.1919735574426,16.8453770626131,17.1484235435478,16.7919345145841,16.1745081066222,16.3638005613732,16.5583314047028,16.0316306863431,16.7555683032837,18.635531272019,17.3262632465423,16.6183527742932
India,IND,"Industry (including construction), value added (% of GDP)",NV.IND.TOTL.ZS,20.8343434545716,21.4348439741111,22.0526001363748,21.8794758332279,20.9552885443107,21.6551050738054,21.3866171713485,20.089442878816,20.6271156642435,21.4174846344817,21.7293092919549,22.3920079066295,22.4080025875816,21.3482302903111,22.6756933966727,23.201252076254,24.480523415356,24.4002625422792,25.3244196137718,25.9922062250303,25.3362458953649,26.1029192063254,26.149804786646,26.2988432863343,26.7391386534274,26.6290712211673,26.7308358205169,26.6992365167194,26.7115838158166,27.5509934814251,27.4536954957201,26.4417201769254,26.7927432696344,26.7815542820739,27.628201246504,28.599809423728,27.9122703698412,27.83703076259,27.3030378516024,26.5192933488596,27.3258283772087,26.4877773440307,27.6606541610101,27.4741071212972,29.219106305293,29.5337641916264,30.9272399436779,30.90323825115,31.1367192407735,31.1213721113498,30.725078228098,30.1616797630407,29.3985276906575,28.4048995601136,27.6564012029651,27.34739147794,26.6189999400439,26.5000166467144,26.412091901691,24.5914753077056,25.0202542440988,26.0713492932602,25.6208066930625
India,IND,Exports of goods and services (% of GDP),NE.EXP.GNFS.ZS,4.46315645554752,4.30358618999823,4.16897528321772,4.28050338490125,3.72555117263129,3.30747278088062,4.14255065953483,4.03444499534157,4.03877100579767,3.71384282048158,3.78282506202996,3.66720521706169,4.02748926155276,4.20876319232872,4.83132100337,5.64706215785578,6.68651286166981,6.38317181373801,6.3148252345082,6.74963815730053,6.13955113216183,5.93602662657806,5.98329984863978,5.83762942427856,6.28340139288612,5.25455499628708,5.19622166035989,5.60458088400396,6.03521975491128,7.01613027794311,7.05335023414457,8.49424077053547,8.84292692502088,9.83421745486326,9.88808491615672,10.8439680348823,10.3851692716063,10.6907173181022,11.018469179248,11.4520646128009,12.9972363111656,12.5583796339108,14.2643839244292,14.9479138582269,17.8591249630479,19.6052466949414,21.2679414220966,20.7996997489457,24.0973572601391,20.4005193744525,22.4009332488238,24.5404113195713,24.5344306564341,25.430861300519,22.9679630081172,19.8131891564045,19.1582349105946,18.7917648392982,19.9278285988562,18.664264897257,18.705247356868,21.5143885990188,22.4494377646999
India,IND,Imports of goods and services (% of GDP),NE.IMP.GNFS.ZS,6.83367665684214,5.95757640481098,6.03181489602947,5.906834458192,5.68499774745833,5.21156158863706,6.67168685167188,5.9466176727645,4.94297346978222,4.03093382296742,3.87894427591553,4.0024013413633,3.7089103356951,4.72333282644382,6.02056925035338,6.64691605612949,6.11469021101389,6.26492932381485,6.58818660797672,8.16916637407572,9.24502571634426,8.57123813504237,8.14262790090769,7.85296446260169,7.72597455124279,7.64548119786163,7.02305023901268,6.98023315167182,7.45523036139042,8.15200181272641,8.45291127605198,8.49348578059959,9.59017211680717,9.81732233160511,10.1900594601826,12.0234806709882,11.5443185997804,11.9286695483601,12.681000899683,13.363533431492,13.9036865989046,13.4348751195257,15.244279010869,15.6445222747906,19.6446890963991,22.396422920159,24.4565390769537,24.8865689304956,29.2708631790835,25.8723502686493,26.8542732486568,31.0834686939585,31.2592910609832,28.4132706461587,25.9542227389497,22.1097247094602,20.9242508026814,21.9507321152243,23.6891407335327,21.2411386333872,19.0988780045256,24.1532946047971,26.9236562932426
India,IND,Gross capital formation (% of GDP),NE.GDI.TOTL.ZS,17.9313352865365,19.2621458305748,18.1075707706245,18.9954571073478,19.5298284931731,20.0572229946494,18.3580138166837,18.1975444704142,17.7422497493726,17.6400952350816,18.2114387329606,19.2036157433701,19.5484319397646,18.7007586479427,22.5115175742994,19.5451062648341,19.4192719578301,21.0956125472848,22.6507207546868,23.5953767441188,19.5550034544352,25.5601376265736,25.1341943149186,21.039572118499,23.2914173032368,26.446076903013,26.0656839397255,25.8271313054095,26.2826349946007,26.8610369133862,27.3361977013715,25.1405052782292,27.44020415513,22.716410511618,26.3101665546307,29.1523371510752,22.7592531809279,25.6927329058482,24.9753699422492,30.9580879683861,25.677316683595,29.9078889827325,30.2513001209613,30.839699942552,35.0964917014635,37.428264017355,38.9985063718049,41.9507982276356,38.4224196526378,39.2567917556327,39.7856241738229,39.5904214421164,38.3474156652505,34.0232020837499,34.2678056156548,32.1167301358276,30.172691670561,30.9821757629622,32.3432182059774,30.0961975685688,28.7522985052304,31.2254982499256,31.158165984937
India,IND,"Revenue, excluding grants (% of GDP)",GC.REV.XGRT.GD.ZS,..,..,..,..,..,..,..,..,..,..,..,..,..,..,9.42202080422535,10.656893486178,11.055237912681,10.8004420673715,11.3773358652369,11.521324797042,10.8259822322681,11.1410468540368,11.4843342420402,11.1785338545436,11.5877722393229,12.52714589577,13.0579294483758,13.0675911573342,12.8478702797795,13.5436918607537,12.4259427393062,12.8849602416065,12.8183816979894,11.4755558481448,11.8923278211559,12.1640765864734,12.2382452664922,11.9601198768445,10.9903700515787,11.7032891029828,11.7034288839171,11.0400508601551,11.5941347101674,11.8531218372183,12.0829219683708,12.3350942451524,13.3167898342876,14.4395957808882,12.7597307966559,11.420288591931,13.1835965373936,11.4959960090891,12.5998727739265,12.6089934124693,11.550620644555,12.4152095425778,12.8510169890546,12.7267619005257,13.1885329486481,..,..,..,..
India,IND,Time required to start a business (days),IC.REG.DURS,..,..,..,..,..,..,..,..,..,..,..,..,..,..,..,..,..,..,..,..,..,..,..,..,..,..,..,..,..,..,..,..,..,..,..,..,..,..,..,..,..,..,..,..,..,..,..,..,..,..,..,..,..,32.6,35,30,28.5,29.8,16.5,17.5,..,..,..
India,IND,Domestic credit provided by financial sector (% of GDP),FS.AST.DOMS.GD.ZS,..,..,..,..,..,..,..,..,..,..,..,..,..,..,..,..,..,..,..,..,..,..,..,..,..,..,..,..,..,..,..,..,..,..,..,..,..,..,..,..,..,..,..,..,..,..,..,..,..,..,..,..,..,..,..,..,..,..,..,..,..,..,..
India,IND,Tax revenue (% of GDP),GC.TAX.TOTL.GD.ZS,..,..,..,..,..,..,..,..,..,..,..,..,..,..,8.18112088549798,9.02450290812779,9.18183799053208,8.59709420636431,9.30227453027132,9.68904892316569,9.02607173865502,9.21369031479097,9.26912135161155,9.26849740618579,9.30653986438454,10.0754185428104,10.4273088592738,10.4083099657377,10.3567380103189,10.4683445142138,9.99359139610285,10.1709224201253,9.80522844222105,8.53523362003571,8.98177201621707,9.22682469075296,9.23146869089268,9.00857773246063,8.11314351093247,8.63830002757078,8.81014349623956,8.07945444456957,8.67627393097178,9.10808432217665,9.57081708050975,10.0809315264093,11.1293370539256,12.1083469904396,10.9771721522223,9.80972540643427,10.3880397905448,10.1773871997608,10.8367717187679,11.0016256942917,9.98465419071312,10.5697090519718,11.1477384183764,11.3874439798131,12.0174277483166,..,..,..,..
India,IND,Military expenditure (% of GDP),MS.MIL.XPND.GD.ZS,2.00401234567901,2.07435972060536,2.74540043290043,4.02530602636535,3.81923698021801,3.87141491395794,3.57237064592492,3.22392372146778,3.24556858467412,3.14081455805893,3.18518303985171,3.65245352356247,3.7179474612821,3.15864376713433,3.20282632441289,3.53459878110716,3.4778831428908,3.16277193712918,3.12633170169882,3.26132865787541,3.13378132972583,3.18624812218328,3.34511766555139,3.3230686597074,3.41687559436328,3.5690302776083,4.10646868066223,4.2313175270108,3.72867178276269,3.53417972767288,3.14621461029962,2.90997432764267,2.70483970561409,2.82354224568723,2.66467372708604,2.57848357246069,2.4727682254674,2.64773242601716,2.72731141679376,2.95719564743412,2.94892990622572,2.9244355462896,2.82686683045838,2.67777693222748,2.82875224798105,2.91058750164482,2.68038156022763,2.47824652803557,2.63146078124112,3.12938472737472,2.88946327164641,2.70448222276966,2.61816634758562,2.5488248901417,2.54398176462257,2.45745006060163,2.54315152114541,2.53151136056791,2.42428452604417,2.54862217391745,2.81252756182972,2.47144662861613,2.42522711696615
India,IND,Mobile cellular subscriptions (per 100 people),IT.CEL.SETS.P2,0,..,..,..,..,0,..,..,..,..,0,..,..,..,..,0,0,0,0,0,0,0,0,0,0,0,0,0,0,0,0,0,0,0,0,0.007952054,0.033354344,0.08797845,0.11703148,0.181096675,0.337578456,0.606133118,1.183633404,3.014994095,4.595760598,7.806770983,14.16357152,19.63701843,28.74616679,42.91212541,60.63048058,71.07565334,67.84853606,68.6455143,72.21351677,75.67324414,84.25058892,86.31708801,85.90350833,83.25286162,82.621059,81.98893361,80.64857717
India,IND,High-technology exports (% of manufactured exports),TX.VAL.TECH.MF.ZS,..,..,..,..,..,..,..,..,..,..,..,..,..,..,..,..,..,..,..,..,..,..,..,..,..,..,..,..,..,..,..,..,..,..,..,..,..,..,..,..,..,..,..,..,..,..,..,..,..,9.56530523039041,7.72334080992274,7.86856500680686,7.69991801319108,8.86996677961836,9.21716620337348,8.02187885520723,7.66035723093902,7.36067282279695,9.04035571931841,10.2234993586926,11.0322567956265,10.2122155392107,..
India,IND,Statistical Capacity Score (Overall Average) (scale 0 - 100),IQ.SCI.OVRL,..,..,..,..,..,..,..,..,..,..,..,..,..,..,..,..,..,..,..,..,..,..,..,..,..,..,..,..,..,..,..,..,..,..,..,..,..,..,..,..,..,..,..,..,78.8888888888889,77.7777777777778,80,78.8888888888889,80,75.5555555555556,81.1111111111111,76.6666666666667,75.5555555555556,73.3333333333333,81.1111111111111,77.7778,81.1111333333333,91.1111333333333,77.7778,75.5555666666667,76.6667,..,..
India,IND,Merchandise trade (% of GDP),TG.VAL.TOTL.GD.ZS,9.81639590074311,9.35960240428168,8.92995178786071,8.47343457288519,8.11079406356655,7.59803719147705,11.7604832934373,8.74838946847587,8.15854348939802,6.92410407287234,6.64824563284721,6.6219848029149,6.53623179933104,7.16597167933881,9.10516768045782,10.9025034184956,10.9173574428921,10.7213430204091,10.5870129170742,11.5254653196762,12.5855127165299,12.2553267371953,12.028958366773,10.6335429680998,11.6531274051171,10.7813993733358,9.96843219855658,10.0249581393595,10.9026046516609,12.3026437997991,12.9444594755636,14.1333746805605,14.9915998200988,15.8828112320315,15.8475005801131,18.1349655854206,18.0828627336662,18.3808515027992,18.1361720191276,18.0127119188665,20.0476120747226,19.3129540339937,20.539756339979,21.642447696166,24.8782866094837,29.5577084281612,31.929257387089,31.1923753365943,43.0279496077611,31.4564996971423,34.4102808220706,42.0924401279578,43.0348997408274,42.0227267347647,38.5264970845149,31.4739336176739,27.2874258608131,28.2546962790316,31.0493468872909,28.5793911715123,24.3155083488586,30.7436085101679,34.6768044849925
India,IND,Net barter terms of trade index (2015 = 100),TT.PRI.MRCH.XD.WD,..,..,..,..,..,..,..,..,..,..,..,..,..,..,..,..,..,..,..,..,68.735446644,62.8117533305,69.3743338152,72.7311564141,90.2995083434,77.7060851774,80.3627034707,95.9432276137,93.6031488917,90.7770538235,82.3342591609,89.8028610464,94.3307363923,108.5418332299,113.9325827913,103.6186858228,95.0206965804,108.9840546587,112.8123665517,100.9402706866,95.9432276137,93.8531780462,85.0353445784,92.2984402248,87.9574391064,84.2531383637,82.2238477809,78.2945665592,78.2945665592,91.1579688347,89.6797314993,86.3417762321,86.4283778131,88.6956489999,90.0163618126,100,105.321171053,98.5223347933,93.3115353518,95.4083069034,101.3923810798,90.7408714161,..
India,IND,"External debt stocks, total (DOD, current US$)",DT.DOD.DECT.CD,..,..,..,..,..,..,..,..,..,..,8425121119.4,9328742281.7,10029268976.8,10965917520.3,12696953185.8,13865614018.8,14586390285.7,15414657569.6,16520249175.3,18190384895.1,20723360696.4,22480074709.1,26942860601.2,30649492455,32763961315.2,38934813159.4,44909442697.3,53424896488.5,59288500301.3,73721064976,83471522909.2,84852336186.3,87775440181.5,91330328767.5,97898626998.8,93808975940.1,93966076365.7,94059291709,98333648294.5,99779510346.3,101131491179.6,99500093585.5,105741601402,118884622369.5,123644485822.1,121195478444.5,159525518911.4,204057539299.5,227111768434.6,256312241333.4,290427544563.2,334399298473.1,392576050359.7,427245079805.9,457507409077.4,478825585025.1,455502090498.9,511472593373.6,521030333410,560870595481.3,565052687177.1,612865853447.7,..
India,IND,"Total debt service (% of exports of goods, services and primary income)",DT.TDS.DECT.EX.ZS,..,..,..,..,..,..,..,..,..,..,..,..,..,..,..,15.2717461739867,18.1022335305653,15.6147263717526,15.3319644912079,12.2877956569457,11.3387105698748,12.709720341225,15.4660806571717,18.3192686626908,20.6447470238425,25.4488699714259,35.5860223675205,33.3612208889683,31.4538639024471,31.5000418110789,32.9559412252542,32.02937158448,28.7074007344373,28.8378744758912,32.2737817581946,33.2599833686784,27.6157662410767,26.3011796853357,24.7734738173638,18.6266943306296,17.081068777064,17.9276097726641,20.9247343304358,29.1805226437216,14.504454851842,14.9302344477445,8.63523314642692,15.5909922080123,9.65799265540479,6.0184103184778,6.81923327447653,6.4138689129389,6.71426990966754,8.08000121217609,18.6296205367074,11.2063383547997,17.2633780366708,10.0846698006647,11.3975539196566,9.00225595383776,15.1913040014798,7.31095199733126,..
India,IND,Net migration,SM.POP.NETM,52264,114181,110398,48986,5837,19077,-144807,-124336,-184326,-171683,-45792,-220417,-60291,-62763,-168162,-225989,-436104,-31092,-13841,68198,202323,23662,-26106,46174,-57788,-112781,-258917,-232178,-103742,-13987,108465,-158007,8198,2440,110095,-57139,-26079,1240,-28485,-106592,-149966,-177306,-208070,-255516,-214351,-550186,-678231,-769184,-846785,-803437,-380087,-244114,-180991,-236387,-310694,-475094,68119,-219656,-561563,-593495,-34772,-301970,..
India,IND,"Personal remittances, received (current US$)",BX.TRF.PWKR.CD.DT,..,..,..,..,..,..,..,..,..,..,..,..,..,..,..,429883697.5,642343811,934415893.6,1164776733,1437018555,2756975586,2301415527,2617671387,2660081543,2294750488,2469209229,2239903076,2665414307,2315296143,2613844482,2383739990,3289109375,2897425537,3522788086,5856694336,6222996281.50479,8765693606.59436,10330965043.3772,9479300349.99233,11124280843.1816,12883465957.0616,14273018777.5311,15735736285.9137,20999150983.0332,18750377106.6241,22125089480.4982,28333642279.8541,37216755275.2503,49977276916.3209,49203912008.5506,53479960083.2432,62499075444.7366,68820517837.6536,69970360846.7858,70388642796.5471,68909693352.8351,62744364089.9512,68967175499.8665,78790170928.6742,83332078002.3032,83149172934.1043,89375152217.5657,111221774722.088
India,IND,"Foreign direct investment, net inflows (BoP, current US$)",BX.KLT.DINV.CD.WD,..,..,..,..,..,..,..,..,..,..,45460000,47659999.9,17789999.9,37909999.9,56969999.9,-10326246.7051639,-7706430.54257424,-36060000,18090000,48570000,79159999.9,91920000,72079999.9,5639999.9,19239999.9,106090000,117730000,212319999.9,91250000,252099999.9,236690000,73537638.3885329,276512438.973893,550370024.929383,973271468.722874,2143628110.28392,2426057021.91092,3577330042.34586,2634651657.77141,2168591054.37924,3584217307.18756,5128093561.62688,5208967106.27894,3681984671.43429,5429250989.85717,7269407225.61438,20029119267.1396,25227740886.6819,43406277075.8109,35581372929.6642,27396885033.7839,36498654597.8589,23995685014.2142,28153031270.3203,34576643694.1383,44009492129.5319,44458571545.798,39966091358.7384,42117450737.2644,50610647353.5912,64362364994.3754,44727277562.881,49940258404.266
India,IND,Net official development assistance and official aid received (current US$),DT.ODA.ALLD.CD,729630004.882813,616590026.855469,677270019.53125,977440002.441406,1216010009.76563,1284199951.17188,1249699951.17188,1382119995.11719,924409973.144531,905260009.765625,824659973.144531,1002400024.41406,613900024.414063,778710021.972656,1230400024.41406,1605189941.40625,1744609985.35156,988809997.558594,1131150024.41406,1363189941.40625,2185959960.9375,1972469970.70313,1635750000,1830510009.76563,1665939941.40625,1587010009.76563,1989939941.40625,1695479980.46875,1947650024.41406,1766109985.35156,1395000000,2733520019.53125,2425139892.57813,1466290039.0625,2322320068.35938,1732829956.05469,1904150024.41406,1646250000,1608949951.17188,1490760009.76563,1383420043.94531,1729609985.35156,1738209960.9375,720900024.414063,778309997.558594,1875959960.9375,1383579956.05469,1329209960.9375,2011579956.05469,2456610107.42188,2831340087.89063,3270219970.70313,1681849975.58594,2456340087.89063,2991820068.35938,3174350097.65625,2679040039.0625,3198139892.57813,2461989990.23438,2550320068.35938,1794209960.9375,3118699951.17188,..
,,,,,,,,,,,,,,,,,,,,,,,,,,,,,,,,,,,,,,,,,,,,,,,,,,,,,,,,,,,,,,,,,,
,,,,,,,,,,,,,,,,,,,,,,,,,,,,,,,,,,,,,,,,,,,,,,,,,,,,,,,,,,,,,,,,,,
,,,,,,,,,,,,,,,,,,,,,,,,,,,,,,,,,,,,,,,,,,,,,,,,,,,,,,,,,,,,,,,,,,
Data from database: World Development Indicators,,,,,,,,,,,,,,,,,,,,,,,,,,,,,,,,,,,,,,,,,,,,,,,,,,,,,,,,,,,,,,,,,,
Last Updated: 10/26/2023,,,,,,,,,,,,,,,,,,,,,,,,,,,,,,,,,,,,,,,,,,,,,,,,,,,,,,,,,,,,,,,,,,
